total_bikes_relocated,total_distance_km,total_cost,avg_distance_per_bike_km,cost_per_bike,active_links
147,107.38341604954661,53.691708024773305,0.7304994289084803,0.36524971445424015,73
